﻿<?xml version="1.0" encoding="utf-8"?><HelpTOCNode Title="Blobs.Interfaces" Url="html/61641359-c494-ee0a-7040-256b4408c0e6.htm"><HelpTOCNode Title="IAttack Interface" Url="html/64a52e8f-3024-2879-b679-7831ee4fda06.htm" HasChildren="true" /><HelpTOCNode Title="IAttackable Interface" Url="html/b1e34e3f-5b65-e475-95c2-d455eee2759a.htm" HasChildren="true" /><HelpTOCNode Title="IAttacker Interface" Url="html/800926ab-b778-f103-9c0d-fc2075796fc7.htm" HasChildren="true" /><HelpTOCNode Title="IAttackFactory Interface" Url="html/ac4ccdc4-4ea1-b403-751c-d5fae26d68cd.htm" HasChildren="true" /><HelpTOCNode Title="IBehavior Interface" Url="html/6556116c-9e9d-24f0-ae38-e1409fa22996.htm" HasChildren="true" /><HelpTOCNode Title="IBehaviorFactory Interface" Url="html/2777beaa-a231-621d-eab3-8536c12f5da8.htm" HasChildren="true" /><HelpTOCNode Title="IBlob Interface" Url="html/214ced96-f2fc-e984-56c3-10421ab2b86a.htm" HasChildren="true" /><HelpTOCNode Title="IBlobData Interface" Url="html/5af645dc-1868-87f6-10ad-f497e1bfba89.htm" HasChildren="true" /><HelpTOCNode Title="IBlobFactory Interface" Url="html/6714ffa6-33b3-9f10-570e-6ee6d2dc0c9d.htm" HasChildren="true" /><HelpTOCNode Title="IInputReader Interface" Url="html/a4d4bc45-dc2c-757e-f764-e76e1227fc89.htm" HasChildren="true" /><HelpTOCNode Title="IOutputWriter Interface" Url="html/4928e3e6-3e9f-4a1b-0105-796ae72bfb6d.htm" HasChildren="true" /><HelpTOCNode Title="IRunnable Interface" Url="html/4c1c635d-efc9-752f-da80-93c8d458e1c9.htm" HasChildren="true" /><HelpTOCNode Title="IUpdateable Interface" Url="html/a041d5a2-6920-cb3f-cf26-7261bd767cea.htm" HasChildren="true" /></HelpTOCNode>