﻿<?xml version="1.0" encoding="utf-8"?><HelpTOCNode Title="Namespaces" Url="html/d75eb659-6335-53f6-af7a-81814a21ab7f.htm"><HelpTOCNode Title="Blobs" Url="html/22700952-2b37-b040-2434-fdf5232fef60.htm" HasChildren="true" /><HelpTOCNode Title="Blobs.Core" Url="html/01d48f96-1802-830c-be15-ef76df0bdb55.htm" HasChildren="true" /><HelpTOCNode Title="Blobs.Core.Factories" Url="html/089f1484-c706-bbb9-3e92-180528ba52b0.htm" HasChildren="true" /><HelpTOCNode Title="Blobs.Interfaces" Url="html/61641359-c494-ee0a-7040-256b4408c0e6.htm" HasChildren="true" /><HelpTOCNode Title="Blobs.IO" Url="html/e5ae95e6-dc8f-62aa-0b81-b6a7cc1166eb.htm" HasChildren="true" /><HelpTOCNode Title="Blobs.Models" Url="html/7cde4f97-7770-774f-a0b9-62f9a63e8619.htm" HasChildren="true" /><HelpTOCNode Title="Blobs.Models.Attacks" Url="html/3d2110ff-2a8b-117b-1c75-23d7d3eec13d.htm" HasChildren="true" /><HelpTOCNode Title="Blobs.Models.Behaviors" Url="html/55961ee7-b484-c832-7a0d-0a1e17bbd677.htm" HasChildren="true" /><HelpTOCNode Title="Blobs.Models.EventHandlers" Url="html/5f19bfff-1b6e-f4c3-3b62-e4f43354be1f.htm" HasChildren="true" /><HelpTOCNode Title="Blobs.Models.Events" Url="html/a8c8d870-2767-3fe3-639d-89319f8fcd3f.htm" HasChildren="true" /></HelpTOCNode>